"Nỗ lực xây dựng năng lực công nghệ chuyên sâu.Với định hướng trở thành Tập đoàn quốc tế, dẫn đầu chuyển đổi số, CMC xây dựng năng lực chuyên sâu về giải pháp chuyên ngành và các công nghệ lõi, xây dựng hệ sinh thái nền tảng mở cho doanh nghiệp, cung cấp đa dịch vụ cho khách hàng, là nền tảng kết nối với các hãng giải pháp công nghệ trên thế giới.
01,Triển khai giải pháp SAP Innovation Business cho doanh nghiệp,Năm 2017, Ciber-CMC cùng với SAP IBS Shanghai triển khai thành công dự án “Bất động sản Bán lẻ” cho Tập đoàn Vin Group. Dự án sử dụng giải pháp mới của SAP Innovation Business - giải pháp SAP RE CD là một giải pháp mới được đưa vào nghiên cứu và phát triển bởi nhóm SAP IBS Thượng Hải và đã được triển khai rất thành công tại Thượng Hải 3 năm trở lại đây. 
02,Hệ thống CNTT toàn diện cho doanh nghiệp,Với 26 năm kinh nghiệm triển khai hệ thống CNTT cho doanh nghiệp và tổ chức, CMC tự hào cung cấp các giải pháp quản lý tác vụ cho doanh nghiệp một cách tối ưu nhất trên hệ thống CNTT, tích hợp với các giải pháp của nhiều hãng công nghệ hàng đầu thế giới. Hiện nay CMC có hơn 3000 khách hàng là Bộ Ban ngành, hiệp hội, doanh nghiệp lớn trên cả nước.
03,Giải pháp dịch vụ chuyên ngành (theo giải pháp của hãng),CMC tự hào là đối tác của hơn 30 hãng công nghệ trên thế giới, đặc biệt đang là Đối tác Vàng – Cấp độ đối tác lớn nhất của Microsoft. CMC đại diện cho các hãng triển khai và phát triển các giải pháp và dịch vụ về hệ thống, hạ tầng CNTT, các giải pháp vận hành và quản trị tổng thể cho trung tâm dữ liệu dựa trên các sản phẩm và công nghệ mới nhất cho khách hàng trong nước và khu vực.
04,Tư vấn, triển khai Hoạch định nguồn lực doanh nghiệp – ERP,Các doanh nghiệp thời kỳ chuyển đổi số có nhu cầu cấp thiết triển khai hệ thống ERP (Hoạch định nguồn lực doanh nghiệp), giúp doanh nghiệp đồng bộ thông tin, minh bạch và kiểm soát số liệu một cách chính xác, thống nhất, giúp Ban lãnh đạo theo dõi sát hơn hoạt động kinh doanh và đưa ra những quyết định nhanh chóng trong việc vận hành hệ thống.
05,Cung cấp, lắp đặt thiết bị CNTT thông dụng,Những sản phẩm CNTT đơn giản đã được hãng công nghệ hoặc nhà cung cấp hoàn thiện với độ phổ dụng cao: PC, laptop, máy in, thiết bị mạng, máy chủ chuyên dụng (Intel, Unix-based)... Bao gồm lắp đặt, mua mới, nâng cấp hoặc tái tục bản quyền phần mềm.
 
06,Xử lý dữ liệu cho doanh nghiệp (Data Management),Bao gồm: Giải pháp phân tích dữ liệu lớn: Big data, Data warehouse. Lưu trữ và phục hồi dữ liệu: backup restore, DC-DR...
07,Hệ thống xử lý tác nghiệp cho doanh nghiệp ngành tiêu dùng & bán lẻ,CMC phát triển các hệ thống phần mềm đa dạng, tùy theo nhu cầu của khách hàng, bao gồm: Phần mềm hóa đơn điện tử C-Invoice ; Phần mềm kế toán online CeAC ; Hệ thống cổng thanh toán trực tuyến ; Hệ thống thương mại điện tử, bán hàng trực tuyến (E-Commerce) dành cho doanh nghiệp...
08,Tư vấn, thiết kế, xây dựng cho doanh nghiệp các giải pháp an toàn thông tin hiệu quả,CMC cung cấp dịch vụ tổ chức giám sát, báo cáo, phản ứng và xử lý các vấn đề liên quan tới sự an toàn và bảo mật cho hệ thống dưới hình thức thuê nhân sự giám sát hoặc thuê hạ tầng và quản lý giám sát.
09,Giải pháp phát hiện và phòng thủ mã độc CMDD (Tiền thân CISE),Là phần mềm bảo vệ máy tính một cách toàn diện với dịch vụ hỗ trợ kỹ thuật đến từ các chuyên gia hàng đầu. Được phát triển cho các khách hàng có nhu cầu quản lý tài nguyên máy tính, phòng chống virus một cách tổng thể và tập trung, hỗ trợ các mạng cỡ lớn.
10,Giải pháp phòng chống mã hóa dữ liệu CMC CryptoSHIELD,Được phát triển và công bố vào năm 2017, phần mềm CMC CryptoShield giúp người dùng, phát hiện và cảnh báo các mối nguy cơ từ Ransomware một cách nhanh chóng, chính xác, cách ly hệ thống kịp thời, tự động sao lưu dữ liệu khi máy tính có dấu hiệu bị tấn công, tự động cập nhật, phát hiện các biến thể mới của mã độc. 
11,Trung tâm Điều hành An ninh mạng thế hệ mới CMC NextGen SOC,SOC là một trung tâm điều hành an ninh mạng có nhiệm vụ theo dõi, phát hiện, cách ly, xử lý các sự cố và chịu trách nhiệm về mức độ an toàn của toàn bộ hệ thống thông tin của tổ chức với tần suất giám sát, hoạt động 24/7. CMC NextGen SOC là trung tâm điều hành an ninh mạng tiên phong tại Việt Nam tích hợp thành công trí tuệ nhân tạo (Artificial Intelligence - AI) và công nghệ Automation (tự động hóa) nhằm tối ưu hóa các hoạt động phát hiện tấn công, cách ly và phân tích lưu vết phục vụ điều tra số.
12,Dịch vụ triển khai toàn diện giải pháp SAP/Microsoft Dynamics CRM,CMC cung cấp dịch vụ triển khai toàn diện các giải pháp của SAP/Microsoft Dynamics CRM, gồm: Cung cấp nguồn lực nâng cấp, lập trình hệ thống SAP/Microsoft Dynamics CRM ; Triển khai giải pháp Quản lý quan hệ khách hàng Microsoft Dynamics CRM ; Dịch vụ tích hợp hệ thống SAP vào các hệ thống khác ; Chuyển đổi hệ thống SAP ECC sang SAP S4HANA.
13,Giải pháp ảo hóa và điện toán đám mây: Private Cloud, Hybrid Cloud, SaaS,Cùng với sự phát triển của công nghệ điện toán đám mây, các giải pháp ảo hóa và điện toán đám mây sẽ giúp doanh nghiệp giải quyết hiệu quả các bài toán về khả năng mở rộng, nâng cấp thiết bị, mức độ bảo mật và sẵn sàng của dữ liệu, cùng với đó là chi phí đầu tư và chi phí vận hành hệ thống CNTT.
14,Giải pháp hạ tầng mạng: LAN/WAN, Wireless, Network Monitoring...,Giải pháp hạ tầng mạng do CMC cung cấp là một hệ thống giải pháp khá rộng bao gồm nhiều giải pháp khác nhau: giải pháp mạng LAN, giải pháp mạng WAN, giải pháp mạng không dây, giải pháp mạng và truyền thông hợp nhất, giải pháp mạng và bảo mật… mang tính đặc thù của ngành và phù hợp với quy mô của doanh nghiệp.
15,Dịch vụ CNTT: IT Onsite, IT Helpdesk,CMC cung cấp các dịch vụ CNTT đa dạng gồm: Cho thuê thiết bị CNTT, IT Onsite, IT Helpdesk, Dịch vụ sửa chữa ; Bảo hành mở rộng, Bảo trì hệ thống, Dịch vụ cơ sở dữ liệu ; Quản trị ủy quyền...
16,Phân phối các sản phẩm CNTT,CMC đang là đơn vị phân phối: máy tính Acer, máy tính CMS, màn hình ViewSonic, bảng tương tác Samsung Flip
GIẢI PHÁP ĐA NGÀNH.Triển khai giải pháp SAP Innovation Business mảng ""Bất động sản Bán lẻ"" cho Vin Group.VIN GROUP.CHIA SẺ
Thách thức.Vin Group là tập đoàn đa ngành hàng đầu Việt Nam. .Năm 2017, Ciber-CMC cùng với SAP IBS Shanghai triển khai thành công dự án “Bất động sản Bán lẻ” cho Tập đoàn Vin Group.
Giải pháp.Dự án sử dụng giải pháp mới của SAP Innovation Business.Giải pháp SAP RE CD là một giải pháp mới được đưa vào nghiên cứu và phát triển bởi nhóm SAP IBS Thượng Hải. SAP RE CD đã được triển khai rất thành công tại Thượng Hải 3 năm trở lại đây. 
Với thành công của dự án đầu tiên cho Vin Group, SAP và Ciber-CMC đang tiếp tục gấp rút để chuẩn bị dự án thứ hai cho Vin Group trong việc triển khai dự án bất động sản xây dựng và quản lý dự án bất động sản..Ciber-CMC chính thức trở thành đối tác của SAP trong việc cung cấp độc quyền về dịch vụ triển khai giải pháp bất động sản tại Việt Nam và khu vực châu Á.
GIẢI PHÁP ĐA NGÀNH.Triển khai Windows 10 Enterprise và Microsoft Office 365 Plus cho EVN.Tập đoàn Điện lực Việt Nam (EVN).
Thách thức.Khách hàng và nhân viên của EVN phàn nàn rằng họ cần sử dụng phần mềm Office phiên bản mới hơn so máy tính không mở được Office 2007. .Phần mềm Windows cho khách hàng là Windows 7, tốc độ chậm, không kịp xử lý các giao dịch với dung lượng lớn.
Giải pháp.CMC triển khai giải pháp Microsoft 365 ProPlus và hệ điều hành Windows 10 cho toàn hệ thống của EVN..Giải pháp mang lại kết quả hữu ích cho người sử dụng.
EVN đã triển khai thành công Windows 10 và Microsoft Office 365 trong toàn hệ thống và giao dịch với khách hàng..Người dùng phản hồi tốt, thuận tiện và dễ sử dụng.
GIẢI PHÁP ĐA NGÀNH.Triển khai giải pháp Microsoft 365 Enterprise cho Prudential, Sovico....Prudential, Sovico....
Thách thức.Khách hàng doanh nghiệp cần công cụ phần mềm toàn diện giúp giải quyết email, giao dịch hàng ngày, lưu trữ dữ liệu và xử lý khối lượng công việc lớn. .Các công cụ phải được đồng nhất trên một nền tảng để tiết kiệm thời gian và dễ dàng quản lý.
Giải pháp.CMC mang đến cho khách hàng giải pháp hiệu quả..CMC triển khai giải pháp Microsoft 365 Enterprise E3 cho Prudential năm 2018 và Microsoft 365 Enterprise F1 cho Sovico Holings (tập đoàn sở hữu Vietjet Air và Phú Long Real Estate) năm 2017. 
Microsoft 365 cung cấp một giải pháp công nghệ tích hợp đơn nhất được thiết kế dành cho các doanh nghiệp đang phát triển..Cho phép nhân viên trao đổi, cộng tác và hoàn thành công việc một cách hiệu quả nhất..Bảo vệ dữ liệu mà không cần hệ thống quản lý CNTT phức tạp hoặc thiết bị tại chỗ đắt đỏ. "
"Thực hiện mục tiêu xây dựng Chính phủ điện tử, hướng tới Chính phủ số và nền kinh tế số ở Việt Nam.CMC giúp các Bộ, cơ quan thuộc Chính phủ vận hành tốt hơn với công nghệ phù hợp và tùy biến theo nhu cầu của khách hàng. 
01,Cổng thông tin điện tử dành cho Chính phủ,Sản phẩm Cổng thông tin điện tử được CMC thiết kế đặc biệt dành cho các cơ quan có nhu cầu phát triển hệ thống thông tin điện tử trên môi trường web. Với CMC Portal, việc truy xuất, xử lý thông tin luôn sẵn sàng mọi lúc, mọi nơi.
02,Hệ thống điều hành tác nghiệp dành cho Chính phủ,CMC giúp các Bộ, cơ quan thuộc Chính phủ quản lý và khai thác khối lượng thông tin khổng lồ phải xử lý mỗi ngày, một cách đơn giản và nhanh chóng thông qua hệ thống điều hành tác nghiệp đặc thù dành cho khối Chính phủ.
03,Triển khai Intranet cho Văn phòng Trung ương đảng,CMC là đơn vị triển khai hệ điều hành tác nghiệp và triển khai Intranet tại hàng trăm điểm trên toàn quốc cho đề án của Văn phòng Trung ương Đảng bằng phần mềm nguồn mở.
04,Giải pháp lưu trữ dành cho Chính phủ eArchivist,Giải pháp eArchivist giải quyết những khó khăn trong công tác văn thư lưu trữ hiện nay và phát huy tối đa giá trị của các tài liệu lưu trữ cho các trung tâm lưu trữ Trung ương và Địa phương, các cơ quan lưu trữ của các Bộ, ngành. eArchivist được bình chọn là một trong 43 sản phẩm tiêu biểu của ngành phần mềm, dịch vụ CNTT Việt Nam và được công nhận Danh hiệu Sao Khuê 2017.
05,Giải pháp phát hiện và phòng thủ mã độc CMDD (Tiền thân CISE),Là phần mềm bảo vệ máy tính một cách toàn diện với dịch vụ hỗ trợ kỹ thuật đến từ các chuyên gia hàng đầu. Được phát triển cho các khách hàng có nhu cầu quản lý tài nguyên máy tính, phòng chống virus một cách tổng thể và tập trung, hỗ trợ các mạng cỡ lớn, có khả năng quản lý trên khắp các tỉnh thành của Việt Nam. Khách hàng tiêu biểu: Bộ Quốc Phòng, Bộ Nội Vụ, Bộ Giao thông Vận tải, Tổng Cục An ninh, Cục Hàng hải, Sở Thông tin và Truyền thông tỉnh Bà Rịa – Vũng Tàu, Jetstar, Vietnam Airlines, Vietnamobile, Viettel.
06,Giải pháp nhận dạng và ngăn chặn mã độc mã hóa dữ liệu CMC CryptoSHIELD,Việc bảo vệ dữ liệu từ các cuộc tấn công mã độc mã hóa dữ liệu tống tiền Ransomware là vấn đề tối quan trọng. Được phát triển và công bố vào năm 2017, phần mềm CMC CryptoShield giúp người dùng, phát hiện và cảnh báo các mối nguy cơ từ Ransomware một cách nhanh chóng, chính xác, cách ly hệ thống kịp thời, tự động sao lưu dữ liệu khi máy tính có dấu hiệu bị tấn công, tự động cập nhật, phát hiện các biến thể mới của mã độc. 
07,Tổ chức giám sát, báo cáo, phản ứng và xử lý các vấn đề liên quan tới sự an toàn và bảo mật ,CMC cung cấp dịch vụ tổ chức giám sát, báo cáo, phản ứng và xử lý các vấn đề liên quan tới sự an toàn và bảo mật cho hệ thống dưới hình thức thuê nhân sự giám sát hoặc thuê hạ tầng và quản lý giám sát. (Khách hàng nổi bật: Bộ Giao thông Vận tải, Cục Thương mại điện tử và Công nghệ thông tin, Tổng Công ty Quản lý Bay Việt Nam, Heineken, Công ty Xổ số điện toán Việt Nam Vietlott.)
08,Dịch vụ rà soát bảo mật, kiểm định an ninh,Các chuyên gia an ninh mạng của CMC sẽ tìm, phát hiện và đánh giá mức độ nghiêm trọng của các lỗ hổng bảo mật trong hệ thống, giúp cho hệ thống và các thiết bị phần mềm, phần cứng của cơ quan, tổ chức luôn ở trong trạng thái được cập nhật và bảo mật. Các lỗ hổng được phát hiện dựa trên danh sách các lỗ hổng bảo mật phổ biến CVE. (Khách hàng tiêu biểu: Văn phòng Quốc hội, Bộ Công an, Bộ Tổng Tham mưu, Bộ Tài Chính, Tổng Cục Hải Quan và 32 Cục Hải Quan tỉnh, thành phố trên cả nước, Kho Bạc Nhà nước, Thành ủy – website Thành phố HCM)
CHÍNH PHỦ.Cổng thông tin điện tử dành cho Chính phủ.Chính phủ nước CHXHCN Việt Nam.
Thách thức.Chính phủ cần xây dựng một cổng thông tin điện tử.Chính phủ cần xây dựng một cổng thông tin điện tử để phát triển hệ thống thông tin..Cổng thông tin này phục vụ việc quản lý hành chính thực hiện các giao dịch trực tuyến, đồng thời làm nền tảng để xây dựng mới các phần mềm dịch vụ trực tuyến hoặc từng bước tích hợp thêm vào các ứng dụng tiếp theo liên quan đến các hoạt động quản lý doanh nghiệp.
Giải pháp.CMC Internet Portal là giải pháp được phát triển trên nền tảng các công nghệ hiện đại và tiên tiến nhất hiện nay. .Cổng thông tin điện tử được thiết kế theo nhu cầu phát triển hệ thống thông tin trên môi trường web nhằm thực hiện các giao dịch trực tuyến và sử dụng Internet như một công cụ thiết yếu trong các hoạt động, cung cấp thông tin, giao tiếp, quản lý và điều hành tác nghiệp.
Trên các nền tảng hệ điều hành khác nhau, tương thích hầu hết cơ sở dữ liệu.Đảm bảo an ninh an toàn thông tin, bí mật quốc gia.Dễ dàng cập nhật, phát triển trong tương lai
CHÍNH PHỦ.Hệ thống điều hành tác nghiệp dành cho Chính phủ.Chính phủ nước CHXHCN Việt Nam.CHIA SẺ
Thách thức.Bài toán về quản lý, xử lý thông tin của Chính phủ?.Một thực trạng tại các cơ quan, tổ chức nhà nước là 40% thời gian để dành cho việc tìm kiếm thông tin và 67% dữ liệu bị thất lạc trong quá trình lưu trữ và sử dụng thông tin. Làm thế nào để quản lý và khai thác khối lượng thông tin khổng lồ mà mỗi cơ quan, tổ chức phải xử lý mỗi ngày?
Giải pháp.Platform tổng thể tuân thủ chặt chẽ các tiêu chuẩn khắt khe.eDocman Plus là phần mềm quản lý văn bản, quản lý công văn, hồ sơ công việc và điều hành tác nghiệp tạo một môi trường cộng tác hiện đại, đơn giản và thân thiện cho trao đổi thông tin giữa các nhân viên của tổ chức. eDocman Plus là một Platform tổng thể trên nền công nghệ Sharepoint tuân thủ chặt chẽ theo các chuẩn của Sharepoint và Mirosoft, cho phép phát triển và tích hợp nhiều phân hệ nghiệp vụ trên Sharepoint của doanh nghiệp, tổ chức.
eDocman Plus tùy chỉnh các quy trình công việc được thiết lập trong các tổ chức như: quy trình kiểm soát chất lượng, quy trình xử lý công văn, quy trình bán hàng, quy trình hỗ trợ khách hàng....Tiết kiệm 40% thời gian dành cho việc tìm kiếm thông tin.Truy cập tại bất cứ nơi đâu, bất cứ khi nào qua các phương tiện phù hợp nhất: email, nhắn tin, website nội bộ, diễn đàn, chat, v.v...
KHỐI CHÍNH PHỦ.Triển khai Intranet cho Văn phòng Trung ương Đảng.Văn phòng Trung ương Đảng.CHIA SẺ
Thách thức.Văn phòng TW Đảng cần giải pháp tổng thể phục vụ việc điều hành.Triển khai hệ điều hành tác nghiệp và triển khai Intranet tại hàng trăm điểm trên toàn quốc cho đề án của Văn phòng Trung ương Đảng bằng phần mềm nguồn mở.  
Giải pháp.CMC cung cấp, triển khai, giám sát giải pháp tổng thế.Giải pháp Chứng thực và quản lý tập trung cho phép các doanh nghiệp, tổ chức giải quyết vấn đề trên bằng cách định danh, phân quyền, xác thực và quản lý tập trung tất cả các tài nguyên trong hệ thống..Giải pháp Thư điện tử cho phép gửi và nhận thư nội bộ giữa người dùng trong doanh nghiệp, tổ chức cũng như với đối tác, khách hàng ngoài hệ thống..Giải pháp Giám sát tình trạng hoạt động của hệ thống cho phép phát hiện lỗi, sửa nhiều lỗi một cách tự động, gửi cảnh báo đến quản trị hệ thống.
Dự án được thực hiện, quy mô lớn trên toàn quốc.Giúp Văn phòng Trung ương Đảng vận hành, quản lý, hoạt động hiệu quả."
"Cam kết đồng hành cùng các đơn vị hành chính công.Với các giải pháp, dịch vụ hỗ trợ các đơn vị hành chính công, hiện đại hóa và bảo vệ cơ sở hạ tầng của chính phủ hoặc cung cấp dịch vụ tốt hơn cho người dân, CMC giúp các tổ chức thuộc khu vực hành chính công hoàn thành nhiệm vụ và tận dụng tối đa nguồn lực của họ.
01,Phần mềm kê khai Bảo hiểm xã hội điện tử iVan ,Sản phẩm giúp các cơ quan thực hiện thủ tục kê khai và nộp BHXH qua cổng giao dịch điện tử của cơ quan BHXH Việt Nam. CMC iVan giúp các thủ tục trở nên nhanh chóng và dễ dàng quản lý hàng trăm hồ sơ BHXH của nhân viên.
02,Phần mềm hỗ trợ kê khai thuế HTKK,Phần mềm Hỗ trợ kê khai thuế là phần mềm miễn phí, hỗ trợ cơ quan nhà nước kê khai các tờ khai thuế bằng công nghệ mã vạch 2 chiều nhằm kê khai thuế và giảm thời gian chờ đợi trong quá trình kiểm tra nhận các tờ khai thuế tại cơ quan thuế.
03,Giải pháp Dịch vụ công trực tuyến,Dịch vụ công là giải pháp phần mềm cung cấp các dịch vụ công như đăng ký kinh doanh, cấp giấy phép thành lập chi nhánh, văn phòng đại diện… tích hợp Cổng thông tin điện tử (Internet Portal), được thiết kế đặc biệt dành cho các cơ quan nhà nước có nhu cầu phát triển hệ thống thông tin trên môi trường web nhằm sử dụng Internet như một công cụ thiết yếu trong các hoạt động, cung cấp thông tin, giao tiếp, quản lý và điều hành tác nghiệp...
04,Giải pháp phần mềm Quản lý hồ sơ công chứng online CeNM,Bằng kinh nghiệm phát triển phần mềm lâu năm, kiến thức trong lĩnh vực quản lý nghiệp vụ công chứng và việc áp dụng những công nghệ tiên tiến nhất, CMC mong muốn giải quyết khó khăn mà các phòng công chứng đang gặp phải bằng Giải pháp phần mềm Quản lý hồ sơ công chứng CeNM, hướng tới tin học hóa các nghiệp vụ công chứng, giảm thiểu rủi ro và đơn giản hóa các các thao tác nghiệp vụ.
05,Phần mềm tuyển dụng công chức,Phần mềm hỗ trợ thi tuyển công chức trên máy vi tính, góp phần nâng cao chất lượng tuyển dụng công chức, bảo đảm thực hiện nguyên tắc khách quan, công bằng trong tuyển dụng công chức.
06,Phần mềm quản lý nhân sự và tính lương CeHuman,Phần mềm CeHuman thuộc sở hữu trí tuệ của CMC TS giúp các cơ quan, tổ chức dễ dàng quản lý thông tin nhân sự, theo dõi xuyên suốt quá trình công tác và hỗ trợ quá trình chấm công, tính lương tự động cho nhân viên.
07,Phần mềm thanh tra kiểm tra nội bộ,Giải pháp thanh tra, kiểm tra nội bộ được xây dựng bởi CMC sẽ giúp cơ quan thực hiện công tác thanh tra, kiểm tra đúng quy trình. Các đơn vị sẽ dễ dàng quản lý toàn bộ quá trình tiếp nhận, xử lý đơn thư khiếu nại, tố cáo.
DỊCH VỤ CÔNG.Phần mềm kê khai Bảo hiểm xã hội điện tử iVan .Bảo hiểm Xã hội Việt Nam.CHIA SẺ
Thách thức.Cơ quan bảo hiểm cần điện tử hoá các hoạt động kê khai.Nhu cầu kết nối giữa các cơ quan thực hiện thủ tục kê khai và nộp BHXH qua cổng giao dịch điện tử của cơ quan BHXH Việt Nam cần được thực hiện sớm.
Giải pháp.Số hoá quy trình thể hiện năng lực và dịch vụ chuyên nghiệp của CMC.CMC iVan là dịch vụ kê khai các thủ tục và nộp hồ sơ bảo hiểm được cung cấp bởi Công ty TNHH Giải pháp phần mềm CMC gồm: Tạo & nộp hồ sơ, Quản lý hồ sơ kê khai, Lấy kết quả tự động, Quản lý quá trình tham gia. > Hồ sơ bảo hiểm điện tử được cơ quan bảo hiểm chấp nhận và tương đương như hồ sơ giấy của người tham gia nộp trực tiếp tại cơ quan Bảo hiểm.
Phần mềm giúp các thủ tục trở nên nhanh chóng, dễ dàng quản lý.Chi phí đi lại, nhân công, thời gian… .Lưu lại tất cả hồ sơ, dễ dàng đối chiếu và khai thác
DỊCH VỤ CÔNG.Phần mềm hỗ trợ kê khai thuế HTKK.26 Tháng 9 2019.CHIA SẺ
Thách thức.Yêu cầu giảm tải thời gian kê khai thuế .Phần mềm hỗ trợ kê khai thuế là phần mềm miễn phí, hỗ trợ cơ quan nhà nước kê khai các tờ khai thuế bằng công nghệ mã vạch 2 chiều nhằm kê khai thuế và giảm thời gian chờ đợi trong quá trình kiểm tra nhận các tờ khai thuế tại cơ quan thuế. > Tổng cục Thuế đã xây dựng và phát triển phần mềm Hỗ trợ kê khai sử dụng công nghệ mã vạch hai chiều.
Giải pháp.Công nghệ giúp thay đổi quy trình triển khai các thủ tục hành chính.Công nghệ XForms. Công nghệ mã vạch hai chiều chuẩn PDF417, có thể lưu trữ dữ liệu và vận chuyển dữ liệu bằng giấy.
Hỗ trợ cơ quan nhà nước kê khai các tờ khai thuế bằng công nghệ mã vạch 2 chiều .Giảm thời gian chờ đợi trong quá trình kiểm tra nhận các tờ khai thuế.Có thể kết xuất tờ khai theo chuẩn XML để nộp cho cơ quan thuế"
"Cung cấp giải pháp quản lý sản xuất hàng đầu thế giới.Với hơn 26 năm kinh nghiệm về công nghệ, Tập đoàn CMC hướng tới đi đầu về chuyển đổi số cho các doanh nghiệp sản xuất quy mô vừa và nhỏ đến quy mô lớn, cung cấp những giải pháp quản lý sản xuất hàng đầu thế giới như MES, SAP ERP, với đội ngũ chuyên gia kỹ thuật hàng đầu Việt Nam.
01,Giải pháp Nhà máy thông minh - MES,MES là giải pháp Quản lý nhà máy thông minh, tiết kiệm chi phí tối ưu nhất cho doanh nghiệp sản xuất vừa và nhỏ. Nhờ có MES, các doanh nghiệp sản xuất việc có thể nắm bắt mọi thông tin phát sinh tại nơi sản xuất theo thời gian thực, từ đó không chỉ cải thiện công đoạn sản xuất mà còn đưa ra quyết định tối ưu nhất để quản lý vận hành sản xuất. Từ 2016, CMC đang đẩy mạnh triển khai giải pháp MES cho 200 khách hàng của SAMSUNG tại Việt Nam, đồng thời có kế hoạch mở rộng hợp tác kinh doanh tại khu vực Đông Nam Á.
02,Triển khai giải pháp SAP ERP cho nhà máy, hệ thống sản xuất,Ciber-CMC (liên doanh của CMC với Đan Mạch) là nhà cung cấp uy tín và chuyên nghiệp hàng đầu Việt Nam về tư vấn và triển khai ERP với 30% thị phần của SAP, thiết lập được một đội ngũ gồm 150 chuyên gia tư vấn ERP hàng đầu Việt Nam. Ciber-CMC cung cấp cho các khách hàng quốc tế và Việt Nam những giải pháp và dịch vụ phần mềm phù hợp với chất lượng hàng đầu của SAP, giúp các doanh nghiệp tối ưu hóa quy trình sản xuất, giảm chi phí và thu được hiệu quả đầu tư cao nhất.
SẢN XUẤT.Triển khai SAP ERP, VMS, DBM cho Honda Vietnam và 25 nhà thầu phụ.Honda Vietnam.CHIA SẺ
Thách thức .Honda Việt Nam và 25 nhà thầu phụ cần một hệ thống quản lý sản xuất quy mô lớn.Hệ thống triển khai giải pháp tích hợp giữa phần mềm của SAP và các phần mềm khác: phát triển sản phẩm, sản xuất, đóng gói, báo cáo, dịch vụ hỗ trợ….Dự án đầu tiên với Honda vào năm 2012 cũng là 1 dấu mốc rất quan trọng với Ciber-CMC, khẳng định năng lực triển khai độc lập của công ty và đội ngũ tư vấn. SAP là giải pháp của hãng, tuy nhiên vẫn có tính linh hoạt và tùy biến cao, cho phép đơn vị triển khai có thể thay đổi, thiết lập các thông số tạo thành quy trình mới cho doanh nghiệp. 
Giải pháp.SAP cho Honda Vietnam: FICO.MM, SD, WM, PP Vehicle Management System: VMS.SAP cho 25 nhà thầu phụ: FICO, Dealer Business Management: DBM
Phần mềm quản lý sản xuất quy mô lớn, triển khai giải pháp tích hợp giữa phần mềm của SAP và các phần mềm khác: phát triển sản phẩm, sản xuất, đóng gói, báo cáo, dịch vụ hỗ trợ....Giải pháp của hãng tuy nhiên vẫn có tính linh hoạt và tùy biến cao, cho phép đơn vị triển khai có thể thay đổi, thiết lập các thông số tạo thành quy trình mới cho doanh nghiệp. 
SẢN XUẤT.Giải pháp Nhà máy thông minh - MES.Các nhà máy của Samsung tại Việt Nam.CHIA SẺ
Thách thức.Bài toán chi phí cho các hoạt động sản xuất tại Nhà máy thông minh.Nhờ có MES, các doanh nghiệp sản xuất việc có thể nắm bắt mọi thông tin phát sinh tại nơi sản xuất theo thời gian thực, từ đó không chỉ cải thiện công đoạn sản xuất mà còn đưa ra quyết định tối ưu nhất để quản lý vận hành sản xuất..Tuy nhiên, các doanh nghiệp thường có nhiều do dự vì vấn đề chi phí, do đó, MESalpha được phát triển để phù hợp với tình hình sản xuất của từng doanh nghiệp vừa và nhỏ, giúp giảm chi phí đầu vào cũng như chi phí sản xuất và cải thiện chất lượng sản phẩm.
Giải pháp.MES giúp thu thập và giám sát dữ liệu của toàn bộ công đoạn từ khi nhập kho vật liệu đến khi xuất hàng. .MESalpha được cấu tạo chức năng theo dạng Module: Module công việc/báo cáo và Module Master Data/System, nâng cao hiệu xuất sản xuất và nâng cao hiệu quả quản lý..Hệ thống được xây dựng trên nền tảng dành riêng cho doanh nghiệp vừa và nhỏ, do vậy rút ngắn thời gian xây dựng hệ thống và có thể nhanh chóng ứng dụng ngay tại nơi sản xuất.
Sản phẩm giảm tối thiểu chi phí H/W và S/W, với cấu tạo hệ thống tối ưu..Giao diện tùy chỉnh theo người sử dụng(UI,OI): Giao diện OI chuẩn hóa hướng tới sự tiện lợi cho người vận hành tại nơi sản xuất. Giao diện dễ sử dụng, cấu tạo menu tập trung vào người dùng..Giải pháp đã được kiểm chứng: Giải nhất “Phần mềm mới”, Giải nhất “IT Innovation"". Gói sản phẩm được kiểm chứng sử dụng bởi khách hàng tại hơn 100 doanh nghiệp trong và ngoài Hàn Quốc."
"CMC phục vụ hơn 200 ngân hàng, tổ chức tài chính tại Việt Nam.Sở hữu đội ngũ hơn 500 chuyên gia Bắc - Nam và là đối tác chiến lược của nhiều hãng công nghệ hàng đầu thế giới, CMC hiện đang phục vụ triển khai các giải pháp công nghệ ngành tài chính - ngân hàng cho hơn 200 ngân hàng, tổ chức tài chính tại Việt Nam.
01,Triển khai/ Chuyển đổi hệ thống ngân hàng lõi (Core banking),Giải pháp phần mềm Core Banking có tên là Finacle của hãng Infosys thuộc bộ giải pháp Core Banking đa năng, cung cấp các nghiệp vụ ngân hàng bán buôn, bán lẻ, quản lý nguồn vốn và thương mại, có hỗ trợ xử lý giao dịch trực tuyến, hỗ trợ những yêu cầu kinh doanh quốc tế đa ngôn ngữ, đa tiền tệ, rút ngắn tối đa thời gian chạy xử lý cuối ngày, cuối tháng và cuối năm.
02,Giải pháp và dịch vụ chuyên ngành tài chính, ngân hàng,Nhóm giải pháp dành cho chuyên ngành ngân hàng, bao gồm: Triển khai hệ thống khởi tạo và quản lý khoản vay; Giải pháp chống rửa tiền, thuê mua tài chính; Chuyển mạch Tài chính và Quản lý thẻ cho các ngân hàng. Khách hàng tiêu biểu trong khối ngân hàng: BIDV, VIB, ABBank, SHB, MSB, Đông Á Bank…
03,Tư vấn tổng thể giải pháp thiết kế hạ tầng, Contact Center,CMC TSSG (một đơn vị thành viên của CMC tại thị trường phía Nam) hiện đang tư vấn tổng thể giải pháp từ thiết kế hạ tầng dựa trên thiết kế giải pháp của Genesys, đồng thời quản trị hệ thống tổng thể cho dự án Contact Center của 1 ngân hàng TMCP hàng đầu Việt Nam.
04,Thiết bị CNTT đặc thù ngành (ATM, POS…),CMC đã phát triển thành công Bộ báo động trung tâm để gắn vào máy ATM, nhằm phát hiện và gửi cảnh báo ngay lập tức về tất cả những hành vi đột nhập máy ATM, kho, két sắt, hộp tiền, các khu vực lưu trữ dữ liệu, tủ hồ sơ… Từ đó, người quản lý ngân hàng có thể nắm bắt nhanh chóng các sự cố đột nhập và có hướng xử lý kịp thời, đảm bảo an toàn cho tài sản.
05,Dịch vụ đánh giá kiểm thử các lỗ hổng bảo mật trong ngân hàng (Penetration Testing),Nhằm kiểm tra sự an toàn của hệ thống trước những nguy cơ tấn công thực tế, các chuyên gia của CMC đóng vai kẻ tấn công truy cập vào hệ thống. Từ đó, thử nghiệm tất cả các kịch bản có thể xảy ra đối với hệ thống thông tin của khách hàng để đưa ra các khuyến nghị quy hoạch lại hệ thống, bổ sung các thiết bị hỗ trợ bảo mật mạng nhằm tối ưu hóa và đảm bảo an ninh an toàn thông tin. Khách hàng tiêu biểu: Ngân hàng BIDV, ngân hàng VP Bank, ngân hàng Techcombank, ngân hàng VIB, ngân hàng Agribank, ngân hàng GP Bank, ngân hàng VP Bank, Tập đoàn Điện lực Việt Nam EVN.)
NGÂN HÀNG.Triển khai hệ thống khởi tạo và quản lý khoản vay (LOS) cho ngân hàng MSB.Ngân hàng TMCP Hàng Hải Việt Nam (MSB).
Thách thức.MSB cần hệ thống khởi tạo và quản lý khoản vay..CMC TSSG là đơn vị trong nước được Ngân hàng TMCP Hàng hải Việt Nam (MSB) tin tưởng lưa chọn để phối hợp trực tiếp cùng nhà thầu trong quá trình tham gia triển khai giải pháp Finacle LOS của Infosys cho Maritime Bank.
Giải pháp.LOS - giải pháp trọn gói, ứng dụng cao.Hệ thống khởi tạo khoản vay (Loan Origination System – LOS) là một giải pháp quản lý quy trình khởi tạo khoản vay phục vụ cho ngành ngân hàng, giúp các ngân hàng có thể xử lý nhanh chóng và chính xác các tài liệu liên quan đến các hồ sơ xin vay và giảm thiểu thời gian cung cấp dịch vụ cho khách hàng. 
Hệ thống Khởi tạo khoản vay được vận hành hiệu quả trên nền tảng quản lý quy trình nghiệp vụ của Infosys..Mang đến cho MSB một giải pháp trọn gói, mạnh mẽ, ứng dụng thuận tiện và khả năng mở rộng cao..Tạo nên nền tảng vững chắc cho các hoạt động tín dụng, góp phần tăng hiệu quả và chất lượng xử lý khoản vay.
NGÂN HÀNG.Triển khai hệ thống Core Banking Finacle của Infosys cho ngân hàng Eximbank.26 Tháng 9 2019.CHIA SẺ
Thách thức.Xây dựng hệ thống chuyển đổi số là nhu cầu cấp bách của các ngân hàng.Ngân hàng Eximbank cần hệ thống chuyển đổi số để dễ dàng làm chủ quá trình vận hành hệ thống và phát triển sản phẩm, dịch vụ ngân hàng, tiết kiệm thời gian, nguồn lực triển khai.
Giải pháp.Giải pháp phần mềm Core Banking có tên là Finacle của hãng Infosys thuộc bộ giải pháp Core Banking đa năng..Giải pháp cung cấp các nghiệp vụ ngân hàng bán buôn, bán lẻ, quản lý nguồn vốn và thương mại, có hỗ trợ xử lý giao dịch trực tuyến, hỗ trợ những yêu cầu kinh doanh quốc tế đa ngôn ngữ, đa tiền tệ, rút ngắn tối đa thời gian chạy xử lý cuối ngày, cuối tháng và cuối năm.
Dự án giúp Eximbank tạo nên đột phá trong khai thác sản phẩm, dịch vụ ngân hàng.Phát triển thêm nhiều dịch vụ, sản phẩm .Quản lý nội bộ chặt chẽ, hiệu quả hơn. "
"Cung cấp nhiều cơ hội.Bảo hiểm kỹ thuật số cung cấp cho các công ty nhiều cơ hội để nhanh chóng tạo ra các sản phẩm sáng tạo, quản lý rủi ro hiệu quả hơn. Với kiến thức, kinh nghiệm triển khai các công nghệ mới, CMC giúp doanh nghiệp bảo hiểm chuyển đổi số, tăng hiệu quả và tăng tốc độ triển khai ra thị trường
01,Giải pháp dịch vụ trọn gói cho công ty Bảo hiểm phi nhân thọ - CPC ,CPC (CMC Property & Casualty Insurance Software) là phần mềm bảo hiểm phi nhân thọ do CMC phát triển dựa trên Kiến trúc Ứng dụng Bảo hiểm (IAA) của IBM - kiến trúc bảo hiểm hàng đầu trên thế giới. Công ty Bảo hiểm Bảo Việt và Công ty Bảo hiểm Liên hiệp (United) là 2 khách hàng lớn của CMC đang sử dụng phần mềm này.
02,Giải pháp Kết nối Bảo hiểm – Bệnh viện – Ngân hàng (Healthcare),Đây là giải pháp nhằm tạo thành mạng lưới hoạt động thông suốt, quản lý các hồ sơ bảo hiểm một cách chủ động, giúp các doanh nghiệp bảo hiểm phân phối và quản lý hợp đồng bảo hiểm một cách chi tiết thông qua mạng lưới kết nối với các ngân hàng và bệnh viện.
03,Giải pháp kế toán cho Bảo hiểm phi nhân thọ (CeIN),CeIN là giải pháp phần mềm trọn gói và toàn diện phục vụ doanh nghiệp bảo hiểm phi nhân thọ do CMC phát triển. Phần mềm xây dựng trên mô hình gắn kết modul giữa nghiệp vụ bảo hiểm, kế toán và hóa đơn ấn chỉ.
04,Hệ thống Thương mại điện tử, bán hàng trực tuyến dành cho ngành Bảo hiểm,Thương mại điện tử là web động với các tính năng mở rộng cao cấp cho phép giao dịch qua mạng như: giỏ hàng, đặt hàng, thanh toán qua mạng (payment processing), quản lý khách hàng (customer management), quản lý đơn đặt hàng (order management)... Hệ thống Thương mại điện tử, bán hàng trực tuyến nhằm hỗ trợ các doanh nghiệp bảo hiểm trong hoạt động bán hàng và tiếp cận khách hàng. Phần mềm cho phép các giao dịch bảo hiểm diễn ra nhanh chóng, thuận tiện tại bất kì nơi nào.
05,Cổng thông tin điện tử dành cho ngành Bảo hiểm - CMC Portal,CMC Portal hỗ trợ doanh nghiệp bảo hiểm xây dựng các nền tảng dịch vụ bảo hiểm trực tuyến, quản lý thông tin tập trung và thực hiện các giao dịch bảo hiểm nhờ tính năng tích hợp ứng dụng theo nhu cầu của doanh nghiệp.
06,Phần mềm kê khai bảo hiểm xã hội điện tử dành cho Bảo hiểm,Phần mềm kê khai BHXH điện tử giúp các cơ quan bảo hiểm kê khai và nộp hồ sơ BHXH online thông qua các cổng giao dịch điện tử của cơ quan BHXH. Các doanh nghiệp có thể thực hiện thủ tục mọi lúc, mọi nơi. Hồ sơ bảo hiểm điện tử được cơ quan bảo hiểm chấp nhận và tương đương như hồ sơ giấy của người tham gia nộp trực tiếp tại cơ quan Bảo hiểm. 
BẢO HIỂM.Triển khai phần mềm Bảo hiểm phi nhân thọ CPC cho Bảo Việt.Bảo hiểm Bảo Việt.CHIA SẺ
Thách thức.Những thách thức trong nghiệp vụ bảo hiểm phi nhân thọ.Các nghiệp vụ bảo hiểm được thực hiện thủ công, gây mất nhiều thời gian, dễ gặp phải rủi ro và không khai thác tốt cơ hội kinh doanh.. Năng lực quản lý và năng lực chăm sóc khách hàng chưa cao dẫn đến sức cạnh tranh kém và không mở rộng được thị trường..Triển khai, bảo trì hệ thống phần mềm tốn kém và chưa phù hợp.
Giải pháp.CMC mang đến giải pháp toàn diện, hiện đại hoá quy trình.CPC (CMC Property & Casualty Insurance Software) là phần mềm bảo hiểm phi nhân thọ do công ty CMC TS phát triển. CPC được phát triển trên Kiến trúc Ứng dụng Bảo hiểm (IAA) của IBM - kiến trúc bảo hiểm hàng đầu trên thế giới.
Phần mềm bao gồm đầy đủ các hoạt động hỗ trợ nghiệp vụ bảo hiểm phi nhân thọ như: quản lý sản phẩm, khách hàng, đại lý, giám định và bồi thường, báo cáo và phân tích… .Giúp hiện đại hóa quy trình, tăng cơ hội kinh doanh, giảm thời gian và chi phí quản lý trong việc triển khai, bảo trì hệ thống."
"CMC phục vụ hơn 200 ngân hàng, tổ chức tài chính tại Việt Nam.Sở hữu đội ngũ hơn 500 chuyên gia Bắc - Nam và là đối tác chiến lược của nhiều hãng công nghệ hàng đầu thế giới, CMC hiện đang phục vụ triển khai các giải pháp công nghệ ngành tài chính - ngân hàng cho hơn 200 ngân hàng, tổ chức tài chính tại Việt Nam.
01,Tư vấn tổng thể giải pháp thiết kế hạ tầng, Contact Center,CMC đã tư vấn tổng thể giải pháp từ thiết kế hạ tầng dựa trên thiết kế giải pháp của Genesys, đồng thời quản trị hệ thống tổng thể cho dự án Contact Center lớn nhất Việt Nam của FE CREDIT.
02,Xây dựng giải pháp CNTT đồng bộ cho các sở giao dịch chứng khoán,CMC đã xây dựng một giải pháp CNTT đồng bộ và tích hợp toàn diện các nghiệp vụ của 1 sở giao dịch chứng khoán bao gồm: giao dịch, thanh toán bù trù, lưu kí, đăng kí, giám sát thị trường, diểm truy cập thông tin, công bố và phân phối thông tin hướng tới các thông lệ và chuẩn mực quốc tế.
03,Triển khai giải pháp CNTT tích hợp cho hệ thống tài chính,CMC triển khai giải pháp Microsoft 365, cung cấp một giải pháp công nghệ tích hợp đơn nhất được thiết kế dành cho các doanh nghiệp đang phát triển, cho phép nhân viên trao đổi, cộng tác và hoàn thành công việc một cách hiệu quả nhất, cũng như bảo vệ dữ liệu, quản lý hệ thống CNTT.
04,Nhóm giải pháp quản lý số hóa (ECM),Giải pháp ngân hàng điện tử thông minh ECM giúp các ngân hàng xây dựng kho dữ liệu tập trung, tự động hóa quy trình nghiệp vụ, quản lý tài liệu, hồ sơ và quy trình liên quan một cách nhanh chóng và hiệu quả, giúp hiệu suất gia tăng, khả năng kiểm soát tốt hơn và giảm thiểu chi phí.
05,Nhóm giải pháp tự động hóa quy trình: phê duyệt khoản vay, phê duyệt thanh toán,Bằng cách tự động hóa quá trình quản lý công việc qua một phần mềm chung, doanh nghiệp sẽ có một trình tự hợp lý trong cách sắp xếp công việc, biết ưu tiên công việc nào trước sau. Nhóm giải pháp bao gồm: Hệ thống khởi tạo, phê duyệt khoản vay; Hệ thống phê duyệt thanh toán quốc tế và tài trợ thương mại ; Hệ thống quản lý và thu hồi công nợ chuyên nghiệp.
06,Nhóm giải pháp quản lý rủi ro tín dụng, các mô hình chấm điểm,CNTT đóng vai trò cực kỳ quan trọng trong quản trị rủi ro. Chẳng hạn, việc quản lý các giao dịch, hạch toán/kế toán bằng phần mềm sẽ giúp giảm thiểu rủi ro so với cách quản lý thủ công (dễ sai sót, khó theo dõi, khó phát hiện sự cố/gian lận…) Nhóm giải pháp bao gồm: Thiết lập cơ chế chấm điểm thông minh; Phát triển các mô hình chấm điểm; Xây dựng và tinh chỉnh mô hình đánh giá rủi ro.
07,Nhóm giải pháp phân tích dữ liệu phục vụ kinh doanh (BI, BA),Hiểu được vai trò quan trọng của dữ liệu trong kinh doanh và biết được một điểm dừng hợp lý trong thu thập dữ liệu là điều vô cùng cần thiết. Tuy nhiên, nếu chỉ biết thu thập dữ liệu và đưa ra nhận xét thông thường thì đó mới thật sự là bỏ phí kho vàng Big Data. Dữ liệu tiết lộ nhiều bí mật hơn là doanh nghiệp nghĩ. Và để cho những ý nghĩa tiềm ẩn ấy nhanh chóng lộ diện, không gì có thể thay thế việc ứng dụng giải pháp CNTT.
08,Giải pháp chống thất thoát dữ liệu, bảo mật hệ thống, bảo vệ dữ liệu ,Đây là tập hợp các giải pháp giúp doanh nghiệp phát hiện và ngăn chặn việc rò rỉ dữ liệu ra bên ngoài, cho phép hồi phục dữ liệu nhanh chóng, giảm nguy cơ mất dữ liệu trên các ứng dụng quan trọng, giúp dữ liệu được hoạt động liên tục.
DỊCH VỤ TÀI CHÍNH.Hỗ trợ xây dựng dự án Contact Center lớn nhất Việt Nam cho FE Credit.FE Credit.CHIA SẺ
Thách thức.Giải pháp trung tâm hỗ trợ khách hàng (Contact Center) là dự án công nghệ trọng điểm của Công ty Tài chính TNHH MTV Ngân hàng Việt Nam Thịnh Vượng (FE Credit)..Dự án được khởi động từ cuối năm 2016 đến nay, nằm trong chiến lược phát triển và quản lý chất lượng dịch vụ đa kênh của FE Credit, nhằm tối ưu hóa chi phí, rút ngắn thời gian xử lý thông tin, tăng năng suất của tư vấn viên và cải thiện chất lượng tương tác..Đây cũng là dự án Contact Center lớn nhất Việt Nam tính đến thời điểm hiện tại với số lượng 3,5 triệu cuộc gọi/ngày, 4.500 tư vấn viên (agents) và độ phức tạp của việc tích hợp đa kênh cùng tích hợp nhiều hệ thống hiện tại của doanh nghiệp.
Giải pháp.CMC TSSG đã tham gia vào dự án với vai trò tư vấn tổng thể giải pháp từ thiết kế hạ tầng dựa trên thiết kế giải pháp của Genesys, đồng thời quản trị hệ thống tổng thể cho FE Credit từ phần cứng đến phần mềm. .Giải pháp thay thế cho hệ thống Contact Center cũ - không đảm bảo được hoạt động kinh doanh mở rộng, đồng thời giúp FE CREDIT đồng nhất về nền tảng và tích hợp xuyên suốt “end-to-end” cho 5 khối kinh doanh.
Kết thúc giai đoạn 1 năm 2017, CMC TSSG đã triển khai thành công đa kênh hợp nhất (Omni Channel) cho FE CREDIT với 5 business units thông tin bao gồm: kênh thoại (voice), email, web chat, facebook và mobile app.Trong đó, kênh thoại (voice) tập trung vào sự tự động hóa quy trình và thao tác giúp FE Credit tối ưu hóa nguồn lực trong những thời gian cao điểm, từ đó nâng cao hiệu quả hoạt động vận hành Contact Center..Hệ thống còn giúp hỗ trợ quay lại màn hình (Screen recording) và ghi âm cuộc gọi để nâng cao chất lượng dịch vụ.
DỊCH VỤ TÀI CHÍNH.Xây dựng giải pháp CNTT đồng bộ cho các sở giao dịch chứng khoán.Sở Giao dịch chứng khoán TP.HCM (HOSE) & Sở Giao dịch chứng khoán Hàn Quốc (KRX).
Thách thức.Xây dựng một giải pháp CNTT đồng bộ và tích hợp toàn diện các nghiệp vụ cho một sở giao dịch chứng khoán.Xây dựng một giải pháp CNTT đồng bộ và tích hợp toàn diện các nghiệp vụ bao gồm: giao dịch, thanh toán bù trù, lưu kí, đăng kí, giám sát thị trường, điểm truy cập thông tin, công bố và phân phối thông tin hướng tới các thông lệ và chuẩn mực quốc tế.
Giải pháp.CMC TSSG - đối tác uy tín trong lĩnh vực cung cấp dịch vụ tích hợp hệ thống  tại Tp.HCM tham gia dự án trong một số hạng mục quan trọng như: cung cấp thiết bị phần cứng, máy chủ, hệ thống hạ tầng mạng, hệ thống lưu trữ, dịch vụ hỗ trợ cho toàn bộ hệ thống… .Trong đó, hạng mục Trung tâm Dữ liệu (Data Center) sẽ bao gồm hai hệ thống, một Data Center chính và một dự phòng (tại Trung tâm dự phòng phục hồi thảm họa, được sử dụng trong trường hợp Trung tâm Dữ liệu chính xảy ra sự cố thảm họa)..Theo đánh giá của lãnh đạo Bộ Tài chính thì đây là nền tảng cơ sở hạ tầng hiện đại nhất hiện nay trong lĩnh vực chứng khoán tại Việt Nam, nhằm gia tăng khả năng xử lý, đáp ứng nhu cầu hoạt động liên tục, đảm bảo tính ổn định của hệ thống thông tin, cơ sở dữ liệu ngành này. 
Dự án lớn nhất ngành chứng khoán Việt Nam, CMC TSSG tham gia với tư cách đối tác triển khai.Bắt đầu dự án.Thời gian triển khai
DỊCH VỤ TÀI CHÍNH.Triển khai Microsoft 365 Enterprise E3 & E5 cho hệ thống chứng khoán của SSI.SSI (Saigon Securities Inc.).CHIA SẺ
Thách thức.SSI cần một giải pháp tổng thể quản lý email, tích hợp bảo mật, quản lý dữ liệu và tiện lợi cho người sử dụng. .Phần mềm này cũng phải bảo mật toàn bộ dịch vụ và dữ liệu trên các thiết bị CNTT của SSI.
Giải pháp.CMC tư vấn giải pháp Microsoft 365 Enterprise E3 & E5, là phần mềm tích hợp mọi dịch vụ online và đồng nhất với Windows 10, Office 365 ProPlus..Giải pháp công nghệ tích hợp đơn nhất được thiết kế dành cho các doanh nghiệp đang phát triển. Giải pháp công nghệ này cho phép nhân viên trong doanh nghiệp của bạn trao đổi, cộng tác và hoàn thành công việc một cách hiệu quả nhất, cũng như bảo vệ dữ liệu mà không khiến bạn mắc kẹt với việc quản lý CNTT phức tạp hoặc thiết bị tại chỗ đắt đỏ. 
SSI đã thành công trong việc kết hợp mọi tính năng và dịch vụ vào một hệ thống CNTT đồng nhất..Giải pháp giúp SSI dễ dàng quản lý, giảm thiểu chi phí."
"26 năm kinh nghiệm triển khai.Là đơn vị đi đầu trong việc hỗ trợ các cơ sở giáo dục ứng dụng CNTT trong quản lý đào tạo, CMC đã có hơn 26 năm kinh nghiệm triển khai các dự án CNTT lĩnh vực giáo dục, gồm giải pháp quản lý đào tạo, thư viện điện tử, ứng dụng điện tử cho học sinh - sinh viên...
01,Giải pháp quản lý đào tạo IU ,IU là giải pháp hỗ trợ các cán bộ xử lý công việc trong công tác quản lý đào tạo tại các trường Đại học, Cao đẳng, Trung học dạy nghề,.. để nâng cao hiệu quả hoạt động.
02,Giải pháp thư viện điện tử iLib ,Lib v5.0 là Thư viện điện tử tích hợp dành cho các Trung tâm Thư viện lớn tại Việt Nam do CMC nghiên cứu và phát triển, được thiết kế nhằm đáp ứng nhu cầu của các thư viện trong nước, đặc biệt là khả năng tích hợp và xử lý tiếng Việt.
03,Ứng dụng Cổng thông tin sinh viên EmSV,EmSV là ứng dụng mạng xã hội diáo dục dành cho tất cả các sinh viên, giảng viên, nhà trường thuộc các trường đại học trên lãnh thổ Việt Nam cùng tham gia kết nối, chia sẻ nội dung học tập hoặc khai thác các chủ đề riêng biệt và dịch vụ tiện ích.
GIÁO DỤC.Giải pháp quản lý đào tạo IU cho các trường đại học.Các trường đại học tại Việt Nam.CHIA SẺ
Thách thức.Các trường đại học cần phần mềm hỗ trợ các cán bộ xử lý công việc trong công tác quản lý đào tạo tại các trường Đại học, Cao đẳng, Trung học dạy nghề,.. để nâng cao hiệu quả hoạt động..Hỗ trợ sinh viên, giảng viên, lãnh đạo, tập trung chính vào việc tin học hoá các quy trình nghiệp vụ chính, đa dạng về loại hình, phương thức đào tạo.
Giải pháp.Những tính năng nổi trội của UI.Quản lý kế hoạch đào tạo.Quản lý thời khóa biểu.Quản lý sinh viên và kết quả học tập.Quản lý thu học phí và mức lương.Quản lý tốt nghiệp và văn bằng.Cổng thông tin trực tuyến: Giúp sinh viên có được những thông tin bổ ích từ hệ thống thông tin của nhà trường.
Thông tin trong suốt và công khai, giảm tối đa thời gian cho các đối tượng quản lý trong các công việc cần phải làm có tính chất lặp đi lặp lại nhiều lần, các báo cáo/ thống kê nhanh chóng, chính xác..Theo dõi được tình hình học tập của sinh viên cũng như công tác quản lý của các cán bộ trong nhà trường, tăng khả năng quản lý tập trung, tối ưu hóa nguồn lực..Tin học hóa tối đa các nghiệp vụ quản lý đào tạo, nâng cao hiệu quả công việc và giảm bớt các thủ tục hành chính..Tăng khả năng trao đổi, dễ dàng thu thập thông tin liên quan đến chương trình học, dễ dàng theo dõi được các thông tin về quá trình học tập cũng như các thông tin từ nhà trường và giảng viên.
GIÁO DỤC.Giải pháp thư viện điện tử iLib cho các trường đại học.Các trường đại học Việt Nam.
Thách thức.Nhu cầu lớn của các trường đại học tại Việt Nam về giải pháp thư viện quản trị các hoạt động của toàn hệ thống.Đây là một hệ thống thư viện tích hợp được thiết kế nhằm đáp ứng nhu cầu của các thư viện trong nước, từ các Thư viện công cộng, Thư viện các trường Đại học, Thư viện chuyên ngành đến các Trung tâm Thông tin trong Toàn quốc, đặc biệt là khả năng tích hợp và xử lý tiếng Việt.
Giải pháp.Các tính năng nổi bật.Quản trị Hệ thống Trung tâm: Quản trị dữ liệu của toàn hệ thống Quản trị người dùng admin/nghiệp vụ của từng thư viện.Thư viện thành viên: Quản trị tài liệu riêng. Quản trị bạn đọc riêng. Tra cứu tài liệu trên toàn hệ thống/ của riêng từng thư viện. Giao diện tổ chức dữ liệu riêng theo từng thư viện.
iLib v5.0 tự động hóa hoàn toàn các chức năng và quy trình nghiệp vụ trong của trung tâm thông tin thư viện. Các chức năng nghiệp vụ được kiểm soát bằng những quy trình chặt chẽ, tạo nên một hệ thống tích hợp các chức năng..Là công cụ hiệu quả để xây dựng các cơ sở dữ liệu thư mục, dữ liệu số. Kiểm soát chất lượng các biểu ghi thư mục. Hỗ trợ xuất nhập dữ liệu 2 chiều với bất kỳ hệ thống thư viện điện tử nào..Tích hợp Web và Internet, iLib v5.0 giúp các thư viện dễ dàng đưa kho tài liệu của mình lên mạng. Có cơ chế kiểm soát đối với các ẩn phẩm điện tử. .Hỗ trợ tạo kiết xuất thông tin và tạo ra các báo cáo thuận tiện. Xây dựng các sản phẩm thông tin và các dịch vụ như: tra cứu thông tin, yêu cầu mượn,....Hỗ trợ thư viện trao đổi dữ liệu với các thư viện trong và ngoài hệ thống. Khai thác các dữ liệu trực tuyến, tái sử dụng các kết quả xử lý tài liệu. "
